{"HR":{"timestamp":[0.480010986328125,1.480010986328125,2.480010986328125,3.480010986328125,4.480010986328125,5.480010986328125,6.480010986328125,7.480010986328125,8.480010986328125,9.480010986328125,10.480010986328125],"value":[66.0,66.0,65.0,66.0,66.0,66.0,66.0,65.0,66.0,65.0,65.0],"text":[],"type":1},"RRi":{"timestamp":[0.480010986328125,1.480010986328125,2.480010986328125,3.480010986328125,4.480010986328125,5.480010986328125,6.480010986328125,7.480010986328125,8.480010986328125,9.480010986328125,10.480010986328125],"value":[982.4232177734375,983.156494140625,1001.0914306640625,993.9580688476563,983.9943237304688,979.3798217773438,993.2031860351563,1005.3626098632813,996.0866088867188,1002.3770751953125,1007.8096313476563],"text":[],"type":2},"RMSSD":{"timestamp":[0.480010986328125,1.480010986328125,2.480010986328125,3.480010986328125,4.480010986328125,5.480010986328125,6.480010986328125,7.480010986328125,8.480010986328125,9.480010986328125,10.480010986328125],"value":[10.31829833984375,10.31829833984375,10.473143577575684,10.473143577575684,10.473143577575684,10.473143577575684,10.473143577575684,10.473143577575684,10.473143577575684,10.473143577575684,10.473143577575684],"text":[],"type":5},"SDNN":{"timestamp":[9.480010986328125],"value":[9.333658218383789],"text":[],"type":6},"EOM":{"timestamp":[0.480010986328125,1.480010986328125,2.480010986328125,3.480010986328125,4.480010986328125,5.480010986328125,6.480010986328125,7.480010986328125,8.480010986328125,9.480010986328125,10.480010986328125],"value":[0.9300347566604614,0.9218922853469849,0.2667749524116516,0.40045082569122317,0.5795413255691528,0.6244945526123047,0.4161739945411682,0.21347850561141969,0.35672682523727419,0.24822229146957398,0.19330930709838868],"text":[],"type":7},"RawECG":{"timestamp":[],"value":[],"text":[],"type":3},"automaticMarkers":{"timestamp":[],"value":[],"text":[],"type":8},"manualMarkers":{"timestamp":[],"value":[],"text":[],"type":9},"screenshots":{"timestamp":[],"value":[],"text":[],"type":10}}