{"HR":{"timestamp":[0.09999942779541016,1.0999994277954102,2.09999942779541,3.09999942779541,4.119999885559082,5.119999885559082,6.119999885559082,7.140000343322754,8.140000343322754,9.140000343322754,10.140000343322754,11.140000343322754,12.139998435974121,13.159998893737793,14.159998893737793,15.159998893737793,16.18000030517578,17.18000030517578],"value":[76.0,75.0,76.0,75.0,75.0,75.0,75.0,75.0,76.0,76.0,77.0,77.0,77.0,77.0,77.0,77.0,78.0,79.0],"text":[],"type":1},"RRi":{"timestamp":[0.09999942779541016,1.0999994277954102,2.09999942779541,3.09999942779541,4.119999885559082,5.119999885559082,6.119999885559082,7.140000343322754,8.140000343322754,9.140000343322754,10.140000343322754,11.140000343322754,12.139998435974121,13.159998893737793,14.159998893737793,15.159998893737793,16.18000030517578,17.18000030517578],"value":[801.3897094726563,812.6531982421875,799.5748901367188,804.1829833984375,803.7140502929688,808.1484375,811.0411987304688,806.7379760742188,798.483642578125,779.37939453125,769.1129760742188,768.1028442382813,767.4054565429688,754.0888061523438,768.4132690429688,757.921630859375,747.7177124023438,729.0221557617188],"text":[],"type":2},"RMSSD":{"timestamp":[0.09999942779541016,1.0999994277954102,2.09999942779541,3.09999942779541,4.119999885559082,5.119999885559082,6.119999885559082,7.140000343322754,8.140000343322754,9.140000343322754],"value":[9.422306060791016,9.422306060791016,9.294872283935547,8.216041564941407,8.0745267868042,9.212883949279786,10.270895004272461,10.807035446166993,11.23847770690918,12.552644729614258],"text":[],"type":5},"SDNN":{"timestamp":[9.140000343322754],"value":[9.37303638458252],"text":[],"type":6},"EOM":{"timestamp":[],"value":[],"text":[],"type":7},"RawECG":{"timestamp":[],"value":[],"text":[],"type":3},"automaticMarkers":{"timestamp":[],"value":[],"text":[],"type":8},"manualMarkers":{"timestamp":[],"value":[],"text":[],"type":9},"screenshots":{"timestamp":[14.999999046325684],"value":[],"text":["screen_1920x1080_0.jpg"],"type":10}}