{"HR":{"timestamp":[0.720001220703125,1.720001220703125,2.720001220703125,3.720001220703125,4.720001220703125,5.720001220703125,6.720001220703125,7.720001220703125,8.720001220703125,9.720001220703125,10.720001220703125,11.720001220703125,12.720001220703125,13.720001220703125,14.740005493164063],"value":[67.0,67.0,66.0,66.0,66.0,66.0,66.0,66.0,65.0,65.0,65.0,65.0,65.0,65.0,65.0],"text":[],"type":1},"RRi":{"timestamp":[0.720001220703125,1.720001220703125,2.720001220703125,3.720001220703125,4.720001220703125,5.720001220703125,6.720001220703125,7.720001220703125,8.720001220703125,9.720001220703125,10.720001220703125,11.720001220703125,12.720001220703125,13.720001220703125,14.740005493164063],"value":[976.2860107421875,992.5979614257813,1015.3768920898438,1007.2923583984375,1018.7230224609375,1020.7237548828125,1029.3819580078125,1029.1590576171875,1040.027099609375,1040.9873046875,1036.770751953125,1046.4080810546875,1041.364501953125,1028.0404052734375,1044.3609619140625],"text":[],"type":2},"RMSSD":{"timestamp":[0.720001220703125,1.720001220703125,2.720001220703125,3.720001220703125,4.720001220703125,5.720001220703125,6.720001220703125,7.720001220703125,8.720001220703125,9.720001220703125,10.720001220703125,11.720001220703125,12.720001220703125,13.720001220703125,14.740005493164063],"value":[11.44568157196045,11.44568157196045,10.16930103302002,7.488737106323242,7.186473369598389,7.5401153564453129,9.273844718933106,9.273844718933106,9.273844718933106,9.273844718933106,9.273844718933106,9.273844718933106,9.273844718933106,9.273844718933106,9.273844718933106],"text":[],"type":5},"SDNN":{"timestamp":[9.720001220703125],"value":[20.4764347076416],"text":[],"type":6},"EOM":{"timestamp":[0.720001220703125,1.720001220703125,2.720001220703125,3.720001220703125,4.720001220703125,5.720001220703125,6.720001220703125,7.720001220703125,8.720001220703125,9.720001220703125,10.720001220703125,11.720001220703125,12.720001220703125,13.720001220703125,14.740005493164063],"value":[0.5122585296630859,0.4904496669769287,0.4490301012992859,0.8725205659866333,0.7886034250259399,0.7519677877426148,0.4461994171142578,0.44842225313186648,0.3517712354660034,0.34474802017211916,0.37765467166900637,0.3105924725532532,0.3420678973197937,0.45966464281082156,0.3223855495452881],"text":[],"type":7},"RawECG":{"timestamp":[],"value":[],"text":[],"type":3},"automaticMarkers":{"timestamp":[],"value":[],"text":[],"type":8},"manualMarkers":{"timestamp":[9.860000610351563],"value":[],"text":["User shows excitement!"],"type":9},"screenshots":{"timestamp":[9.860000610351563,15.0],"value":[],"text":["screen_1920x1080_0.jpg","screen_1920x1080_1.jpg"],"type":10}}